{
  "model": "EEGCNNLSTM_Hybrid",
  "best_epoch": 4,
  "test_accuracy": 0.33146067415730335,
  "test_f1_macro": 0.30138359057394376,
  "confusion_matrix": [
    [
      23,
      85,
      69
    ],
    [
      18,
      109,
      50
    ],
    [
      25,
      110,
      45
    ]
  ],
  "classification_report": {
    "0": {
      "precision": 0.3484848484848485,
      "recall": 0.12994350282485875,
      "f1-score": 0.18930041152263374,
      "support": 177.0
    },
    "1": {
      "precision": 0.35855263157894735,
      "recall": 0.615819209039548,
      "f1-score": 0.45322245322245325,
      "support": 177.0
    },
    "2": {
      "precision": 0.27439024390243905,
      "recall": 0.25,
      "f1-score": 0.2616279069767442,
      "support": 180.0
    },
    "accuracy": 0.33146067415730335,
    "macro avg": {
      "precision": 0.32714257465541163,
      "recall": 0.3319209039548023,
      "f1-score": 0.30138359057394376,
      "support": 534.0
    },
    "weighted avg": {
      "precision": 0.32684621324668706,
      "recall": 0.33146067415730335,
      "f1-score": 0.30116024403688085,
      "support": 534.0
    }
  }
}