{
  "model": "EEGNet_Hybrid",
  "best_epoch": 7,
  "test_accuracy": 0.34831460674157305,
  "test_f1_macro": 0.3110293257116107,
  "confusion_matrix": [
    [
      24,
      35,
      118
    ],
    [
      22,
      41,
      114
    ],
    [
      24,
      35,
      121
    ]
  ],
  "classification_report": {
    "0": {
      "precision": 0.34285714285714286,
      "recall": 0.13559322033898305,
      "f1-score": 0.19433198380566802,
      "support": 177.0
    },
    "1": {
      "precision": 0.36936936936936937,
      "recall": 0.23163841807909605,
      "f1-score": 0.2847222222222222,
      "support": 177.0
    },
    "2": {
      "precision": 0.34277620396600567,
      "recall": 0.6722222222222223,
      "f1-score": 0.4540337711069418,
      "support": 180.0
    },
    "accuracy": 0.34831460674157305,
    "macro avg": {
      "precision": 0.35166757206417265,
      "recall": 0.3464846202134338,
      "f1-score": 0.3110293257116107,
      "support": 534.0
    },
    "weighted avg": {
      "precision": 0.3516176205580031,
      "recall": 0.34831460674157305,
      "f1-score": 0.31183272147225866,
      "support": 534.0
    }
  }
}